id,title,synopsis,genres,release_date,episodes,members,popularity,ranked,score,img_url,link,,,,,,,,,
34599,Made in Abyss,The Abyss—a gaping chasm stretching down into the depths of the earth filled with mysterious creatures and relics from a time long past. How did it come to be? What lies at the bottom? Countless brave individuals known as Divers have sought to solve these mysteries of the Abyss fearlessly descending into its darkest realms. The best and bravest of the Divers the White Whistles are hailed as legends by those who remain on the surface. Riko daughter of the missing White Whistle Lyza the Annihilator aspires to become like her mother and explore the furthest reaches of the Abyss. However just a novice Red Whistle herself she is only permitted to roam its most upper layer. Even so Riko has a chance encounter with a mysterious robot with the appearance of an ordinary young boy. She comes to name him Reg and he has no recollection of the events preceding his discovery. Certain that the technology to create Reg must come from deep within the Abyss the two decide to venture forth into the chasm to recover his memories and see the bottom of the great pit with their own eyes. However they know not of the harsh reality that is the true existence of the Abyss.,Sci-Fi,Adventure,Mystery,Drama,Fantasy,2017-07-07,13,581663,98,23,8.83,https://cdn.myanimelist.net/images/anime/6/86733.jpg,https://myanimelist.net/anime/34599/Made_in_Abyss,,,,,
5114,Fullmetal Alchemist: Brotherhood,In order for something to be obtained something of equal value must be lost. Alchemy is bound by this Law of Equivalent Exchange—something the young brothers Edward and Alphonse Elric only realize after attempting human transmutation: the one forbidden act of alchemy. They pay a terrible price for their transgression—Edward loses his left leg Alphonse his physical body. It is only by the desperate sacrifice of Edward's right arm that he is able to affix Alphonse's soul to a suit of armor. Devastated and alone it is the hope that they would both eventually return to their original bodies that gives Edward the inspiration to obtain metal limbs called automail and become a state alchemist the Fullmetal Alchemist. Three years of searching later the brothers seek the Philosopher's Stone a mythical relic that allows an alchemist to overcome the Law of Equivalent Exchange. Even with military allies Colonel Roy Mustang Lieutenant Riza Hawkeye and Lieutenant Colonel Maes Hughes on their side the brothers find themselves caught up in a nationwide conspiracy that leads them not only to the true nature of the elusive Philosopher's Stone but their country's murky history as well. In between finding a serial killer and racing against time Edward and Alphonse must ask themselves if what they are doing will make them human again... or take away their humanity.,Action,Military,Adventure,Comedy,Drama,Magic,Fantasy,Shounen,2009-04-05,64,1615084,4,1,9.23,https://cdn.myanimelist.net/images/anime/1223/96541.jpg,https://myanimelist.net/anime/5114/Fullmetal_Alchemist__Brotherhood,,
37510,Mob Psycho 100 II,Shigeo Mob Kageyama is now maturing and understanding his role as a supernatural psychic that has the power to drastically affect the livelihood of others. He and his mentor Reigen Arataka continue to deal with supernatural requests from clients whether it be exorcizing evil spirits or tackling urban legends that haunt the citizens. While the workflow remains the same Mob isn't just blindly following Reigen around anymore. With all his experiences as a ridiculously strong psychic Mob's supernatural adventures now have more weight to them. Things take on a serious and darker tone as the dangers Mob and Reigen face are much more tangible and unsettling than ever before.,Action,Slice of Life,Comedy,Supernatural,2019-01-07,13,442310,176,21,8.89,https://cdn.myanimelist.net/images/anime/1918/96303.jpg,https://myanimelist.net/anime/37510/Mob_Psycho_100_II,,,,,,
199,Sen to Chihiro no Kamikakushi,Stubborn spoiled and naïve 10-year-old Chihiro Ogino is less than pleased when she and her parents discover an abandoned amusement park on the way to their new house. Cautiously venturing inside she realizes that there is more to this place than meets the eye as strange things begin to happen once dusk falls. Ghostly apparitions and food that turns her parents into pigs are just the start—Chihiro has unwittingly crossed over into the spirit world. Now trapped she must summon the courage to live and work amongst spirits with the help of the enigmatic Haku and the cast of unique characters she meets along the way. Vivid and intriguing Sen to Chihiro no Kamikakushi tells the story of Chihiro's journey through an unfamiliar world as she strives to save her parents and return home.,Adventure,Supernatural,Drama,2001-07-20,1,913212,40,20,8.9,https://cdn.myanimelist.net/images/anime/6/79597.jpg,https://myanimelist.net/anime/199/Sen_to_Chihiro_no_Kamikakushi,,,,,,,
38000,Kimetsu no Yaiba,Ever since the death of his father the burden of supporting the family has fallen upon Tanjirou Kamado's shoulders. Though living impoverished on a remote mountain the Kamado family are able to enjoy a relatively peaceful and happy life. One day Tanjirou decides to go down to the local village to make a little money selling charcoal. On his way back night falls forcing Tanjirou to take shelter in the house of a strange man who warns him of the existence of flesh-eating demons that lurk in the woods at night. When he finally arrives back home the next day he is met with a horrifying sight—his whole family has been slaughtered. Worse still the sole survivor is his sister Nezuko who has been turned into a bloodthirsty demon. Consumed by rage and hatred Tanjirou swears to avenge his family and stay by his only remaining sibling. Alongside the mysterious group calling themselves the Demon Slayer Corps Tanjirou will do whatever it takes to slay the demons and protect the remnants of his beloved sister's humanity.,Action,Demons,Historical,Shounen,Supernatural,2019-04-06,26,575037,106,19,8.92,https://cdn.myanimelist.net/images/anime/1286/99889.jpg,https://myanimelist.net/anime/38000/Kimetsu_no_Yaiba,,,,,
2904,Code Geass: Hangyaku no Lelouch R2,One year has passed since the Black Rebellion a failed uprising against the Holy Britannian Empire led by the masked vigilante Zero who is now missing. At a loss without their revolutionary leader Area 11's resistance group—the Black Knights—find themselves too powerless to combat the brutality inflicted upon the Elevens by Britannia which has increased significantly in order to crush any hope of a future revolt. Lelouch Lamperouge having lost all memory of his double life is living peacefully alongside his friends as a high school student at Ashford Academy. His former partner C.C. unable to accept this turn of events takes it upon herself to remind him of his past purpose hoping that the mastermind Zero will rise once again to finish what he started in this thrilling conclusion to the series.,Action,Military,Sci-Fi,Super Power,Drama,Mecha,2008-04-06,25,992196,27,17,8.93,https://cdn.myanimelist.net/images/anime/4/9391.jpg,https://myanimelist.net/anime/2904/Code_Geass__Hangyaku_no_Lelouch_R2,,,,
918,Gintama,The Amanto aliens from outer space have invaded Earth and taken over feudal Japan. As a result a prohibition on swords has been established and the samurai of Japan are treated with disregard as a consequence. However one man Gintoki Sakata still possesses the heart of the samurai although from his love of sweets and work as a yorozuya one might not expect it. Accompanying him in his jack-of-all-trades line of work are Shinpachi Shimura a boy with glasses and a strong heart Kagura with her umbrella and seemingly bottomless stomach as well as Sadaharu their oversized pet dog. Of course these odd jobs are not always simple as they frequently have run-ins with the police ragtag rebels and assassins oftentimes leading to humorous but unfortunate consequences. Who said life as an errand boy was easy?,Action,Comedy,Historical,Parody,Samurai,Sci-Fi,Shounen,2006-04-04,201,579150,97,13,8.97,https://cdn.myanimelist.net/images/anime/10/73274.jpg,https://myanimelist.net/anime/918/Gintama,,,
4181,Clannad: After Story,Clannad: After Story  the sequel to the critically acclaimed slice-of-life series Clannad  begins after Tomoya Okazaki and Nagisa Furukawa graduate from high school. Together they experience the emotional rollercoaster of growing up. Unable to decide on a course for his future Tomoya learns the value of a strong work ethic and discovers the strength of Nagisa's support. Through the couple's dedication and unity of purpose they push forward to confront their personal problems deepen their old relationships and create new bonds. Time also moves on in the Illusionary World. As the plains grow cold with the approach of winter the Illusionary Girl and the Garbage Doll are presented with a difficult situation that reveals the World's true purpose. Based on the visual novel by Key and produced by Kyoto Animation Clannad: After Story is an impactful drama highlighting the importance of family and the struggles of adulthood.,Slice of Life,Comedy,Supernatural,Drama,Romance,2008-10-03,24,740101,64,12,8.97,https://cdn.myanimelist.net/images/anime/13/24647.jpg,https://myanimelist.net/anime/4181/Clannad__After_Story,,,,,
30276,One Punch Man,The seemingly ordinary and unimpressive Saitama has a rather unique hobby: being a hero. In order to pursue his childhood dream he trained relentlessly for three years—and lost all of his hair in the process. Now Saitama is incredibly powerful so much so that no enemy is able to defeat him in battle. In fact all it takes to defeat evildoers with just one punch has led to an unexpected problem—he is no longer able to enjoy the thrill of battling and has become quite bored. This all changes with the arrival of Genos a 19-year-old cyborg who wishes to be Saitama's disciple after seeing what he is capable of. Genos proposes that the two join the Hero Association in order to become certified heroes that will be recognized for their positive contributions to society and Saitama shocked that no one knows who he is quickly agrees. And thus begins the story of One Punch Man  an action-comedy that follows an eccentric individual who longs to fight strong enemies that can hopefully give him the excitement he once felt and just maybe he'll become popular in the process.,Action,Sci-Fi,Comedy,Parody,Super Power,Supernatural,Seinen,2015-10-05,12,1475219,5,50,8.68,https://cdn.myanimelist.net/images/anime/12/76049.jpg,https://myanimelist.net/anime/30276/One_Punch_Man,,,
5680,K-On!,Hirasawa Yui a young carefree girl entering high school has her imagination instantly captured when she sees a poster advertising the Light Music Club. Being the carefree girl that she is she quickly signs up however Yui has a problem she is unable to play an instrument. When Yui goes to the clubroom to explain she's greeted by the other members: Ritsu Mio and Tsumugi. Although disheartened at Yui's lack of musical know-how they still try to convince her to stay to prevent the club's disbandment. After playing Yui a short piece which re-ignites her imagination they succeed in keeping their new member and guitarist. Along with the tasks of school and homework Yui begins to learn the guitar with the help of the other band members experiencing many mishaps along the way. However with the school festival drawing near and Yui getting stuck with her practice will the Light Music Club be ready in time for their debut?,Slice of Life,Comedy,Music,School,2009-04-03,13,610222,90,792,7.86,https://cdn.myanimelist.net/images/anime/10/76120.jpg,https://myanimelist.net/anime/5680/K-On,,,,,,
269,Bleach,Ichigo Kurosaki is an ordinary high schooler—until his family is attacked by a Hollow a corrupt spirit that seeks to devour human souls. It is then that he meets a Soul Reaper named Rukia Kuchiki who gets injured while protecting Ichigo's family from the assailant. To save his family Ichigo accepts Rukia's offer of taking her powers and becomes a Soul Reaper as a result. However as Rukia is unable to regain her powers Ichigo is given the daunting task of hunting down the Hollows that plague their town. However he is not alone in his fight as he is later joined by his friends—classmates Orihime Inoue Yasutora Sado and Uryuu Ishida—who each have their own unique abilities. As Ichigo and his comrades get used to their new duties and support each other on and off the battlefield the young Soul Reaper soon learns that the Hollows are not the only real threat to the human world.,Action,Adventure,Comedy,Super Power,Supernatural,Shounen,2004-10-05,366,1002578,25,757,7.87,https://cdn.myanimelist.net/images/anime/3/40451.jpg,https://myanimelist.net/anime/269/Bleach,,,,
30123,Akagami no Shirayuki-hime,Although her name means snow white Shirayuki is a cheerful red-haired girl living in the country of Tanbarun who works diligently as an apothecary at her herbal shop. Her life changes drastically when she is noticed by the silly prince of Tanbarun Prince Raji who then tries to force her to become his concubine. Unwilling to give up her freedom Shirayuki cuts her long red hair and escapes into the forest where she is rescued from Raji by Zen Wistalia the second prince of a neighboring country and his two aides. Hoping to repay her debt to the trio someday Shirayuki sets her sights on pursuing a career as the court herbalist in Zen's country Clarines. Akagami no Shirayuki-hime depicts Shirayuki's journey toward a new life at the royal palace of Clarines as well as Zen's endeavor to become a prince worthy of his title. As loyal friendships are forged and deadly enemies formed Shirayuki and Zen slowly learn to support each other as they walk their own paths.,Fantasy,Romance,Drama,Shoujo,2015-07-07,12,336418,289,756,7.87,https://cdn.myanimelist.net/images/anime/10/75764.jpg,https://myanimelist.net/anime/30123/Akagami_no_Shirayuki-hime,,,,,,
32998,91 Days,As a child living in the town of Lawless Angelo Lagusa has witnessed a tragedy: his parents and younger brother have been mercilessly slaughtered by the Vanetti mafia family. Losing everything he holds dear he leaves both his name and hometown behind adopting the new identity of Avilio Bruno. Seven years later Avilio finally has his chance for revenge when he receives a mysterious letter prompting him to return to Lawless. Obliging he soon encounters the Vanetti don's son Nero and seeks to befriend him using the skills he has quietly honed for years. Set during the Prohibition era 91 Days tells the story of Avilio's dark bloodstained path to vengeance as he slowly ends each of the men involved in the killing of his family.,Action,Drama,Historical,2016-07-09,12,340857,281,755,7.87,https://cdn.myanimelist.net/images/anime/13/80515.jpg,https://myanimelist.net/anime/32998/91_Days,,,,,,,
28999,Charlotte,While on the surface Yuu Otosaka appears to be just another charming and intelligent teenager he has a secret—he has the ability to slip into people's minds and fully control their body for five seconds at a time. Yuu has been using this skill for years to gain the highest grades which allowed him to enter a prestigious high school. When the enigmatic Nao Tomori catches Yuu using his power she coerces him and his sister Ayumi into transferring to Hoshinoumi Academy a school for students with supernatural abilities. The student council of the school led by Nao is tasked with secretly tracking down adolescents who abuse their powers. Yuu is forced to join the student council and together they face formidable challenges that bring him closer to the shocking truth that his own seemingly incomplete ability might be more powerful than he could have ever imagined. An original story from Jun Maeda creator of Angel Beats and Clannad  Charlotte explores the supernatural lives of these teenagers and the price they must pay for being special.,Drama,School,Super Power,2015-07-05,13,734250,66,742,7.88,https://cdn.myanimelist.net/images/anime/12/74683.jpg,https://myanimelist.net/anime/28999/Charlotte,,,,,,,
11887,Kokoro Connect,When five students at Yamaboshi Academy realize that there are no clubs where they fit in they band together to form the Student Cultural Society or StuCS for short. The club consists of: Taichi Yaegashi a hardcore wrestling fan Iori Nagase an indecisive optimist Himeko Inaba a calm computer genius Yui Kiriyama a petite karate practitioner and Yoshifumi Aoki the class clown. One day Aoki and Yui experience a strange incident when without warning they switch bodies for a short period of time. As this supernatural phenomenon continues to occur randomly amongst the five friends they begin to realize that it is not just fun and games. Now forced to become closer than ever they soon discover each other's hidden secrets and emotional scars which could end up tearing the StuCS and their friendship apart.,Slice of Life,Comedy,Supernatural,Drama,Romance,School,2012-07-08,13,498307,135,732,7.89,https://cdn.myanimelist.net/images/anime/2/39665.jpg,https://myanimelist.net/anime/11887/Kokoro_Connect,,,,
5630,Higashi no Eden,On November 22 2010 Japan was hit by missile strikes a terrorist act that fortunately did not harm anyone becoming known as Careless Monday. Quickly forgotten society goes on about their lives as normal. During her graduation trip to America three months later friendly college student Saki Morimi's life is forever changed when she finds herself saved from unexpected trouble by Akira Takizawa. Takizawa is cheerful but odd in many ways—he is stark naked and suffers from amnesia believing himself to be a terrorist. In addition he possesses a strange cell phone loaded with 8.2 billion yen in digital cash. Despite Takizawa's suspicious traits Saki quickly befriends the enigmatic young man. However unbeknownst to her this is the beginning of a thrilling death game involving money cell phones and the salvation of the world. Higashi no Eden chronicles Saki's struggle to unravel the mysteries behind her savior while Takizawa himself battles other individuals armed with similar cell phones and returning memories which reveal his possible connection to the event from months ago.,Action,Sci-Fi,Mystery,Drama,Romance,Thriller,2009-04-10,11,398780,214,714,7.89,https://cdn.myanimelist.net/images/anime/9/15033.jpg,https://myanimelist.net/anime/5630/Higashi_no_Eden,,,,
35507,Youkoso Jitsuryoku Shijou Shugi no Kyoushitsu e (TV),On the surface Koudo Ikusei Senior High School is a utopia. The students enjoy an unparalleled amount of freedom and it is ranked highly in Japan. However the reality is less than ideal. Four classes A through D are ranked in order of merit and only the top classes receive favorable treatment. Kiyotaka Ayanokouji is a student of Class D where the school dumps its worst. There he meets the unsociable Suzune Horikita who believes she was placed in Class D by mistake and desires to climb all the way to Class A and the seemingly amicable class idol Kikyou Kushida whose aim is to make as many friends as possible. While class membership is permanent class rankings are not students in lower ranked classes can rise in rankings if they score better than those in the top ones. Additionally in Class D there are no bars on what methods can be used to get ahead. In this cutthroat school can they prevail against the odds and reach the top?,Slice of Life,Psychological,Drama,School,2017-07-12,12,344479,279,705,7.91,https://cdn.myanimelist.net/images/anime/5/86830.jpg,https://myanimelist.net/anime/35507/Youkoso_Jitsuryoku_Shijou_Shugi_no_Kyoushitsu_e_TV,,,,,,
12445,Tasogare Otome x Amnesia,Seikyou Private Academy built on the intrigue of traditional occult myths bears a dark past—for 60 years it has been haunted by a ghost known as Yuuko a young woman who mysteriously died in the basement of the old school building. With no memory of her life or death Yuuko discreetly finds and heads the Paranormal Investigations Club in search of answers. A chance meeting leads Yuuko to cling to diligent freshman Teiichi Niiya who can see the quirky ghost they quickly grow close and he decides to help her. Along with Kirie Kanoe Yuuko's relative and the oblivious second year Momoe Okonogi they delve deep into the infamous Seven Mysteries of the storied school. Tasogare Otome x Amnesia tells a unique tale of students who work together to shed light on their school's paranormal happenings all the while inching closer to the truth behind Yuuko's death.,Horror,Mystery,Romance,School,Shounen,Supernatural,2012-04-09,12,270355,366,702,7.91,https://cdn.myanimelist.net/images/anime/12/64435.jpg,https://myanimelist.net/anime/12445/Tasogare_Otome_x_Amnesia,,,,
4898,Kuroshitsuji,Young Ciel Phantomhive is known as the Queen's Guard Dog taking care of the many unsettling events that occur in Victorian England for Her Majesty. Aided by Sebastian Michaelis his loyal butler with seemingly inhuman abilities Ciel uses whatever means necessary to get the job done. But is there more to this black-clad butler than meets the eye? In Ciel's past lies a secret tragedy that enveloped him in perennial darkness—during one of his bleakest moments he formed a contract with Sebastian a demon bargaining his soul in exchange for vengeance upon those who wronged him. Today not only is Sebastian one hell of a butler but he is also the perfect servant to carry out his master's orders—all the while anticipating the delicious meal he will eventually make of Ciel's soul. As the two work to unravel the mystery behind Ciel's chain of misfortunes a bond forms between them that neither heaven nor hell can tear apart.,Action,Mystery,Comedy,Historical,Demons,Supernatural,Shounen,2008-10-03,24,684593,71,695,7.91,https://cdn.myanimelist.net/images/anime/5/27013.jpg,https://myanimelist.net/anime/4898/Kuroshitsuji,,,
249,InuYasha (TV),Based on the Shogakukan award-winning manga of the same name InuYasha follows Kagome Higurashi a fifteen-year-old girl whose normal life ends when a demon drags her into a cursed well on the grounds of her family's Shinto shrine. Instead of hitting the bottom of the well Kagome ends up 500 years in the past during Japan's violent Sengoku period with the demon's true target a wish-granting jewel called the Shikon Jewel reborn inside of her. After a battle with a revived demon accidentally causes the sacred jewel to shatter Kagome enlists the help of a young hybrid dog-demon/human named Inuyasha to help her collect the shards and prevent them from falling into the wrong hands. Joining Kagome and Inuyasha on their quest are the orphan fox-demon Shippo the intelligent monk Miroku and the lethal demon slayer Sango. Together they must set aside their differences and work together to find the power granting shards spread across feudal Japan and deal with the threats that arise.,Action,Adventure,Comedy,Historical,Demons,Supernatural,Magic,Romance,Fantasy,Shounen,2000-10-16,167,456015,164,694,7.91,https://cdn.myanimelist.net/images/anime/1589/95329.jpg,https://myanimelist.net/anime/249/InuYasha_TV
15809,Hataraku Maou-sama!,Striking fear into the hearts of mortals the Demon Lord Satan begins to conquer the land of Ente Isla with his vast demon armies. However while embarking on this brutal quest to take over the continent his efforts are foiled by the hero Emilia forcing Satan to make his swift retreat through a dimensional portal only to land in the human world. Along with his loyal general Alsiel the demon finds himself stranded in modern-day Tokyo and vows to return and complete his subjugation of Ente Isla—that is if they can find a way back! Powerless in a world without magic Satan assumes the guise of a human named Sadao Maou and begins working at MgRonald's—a local fast-food restaurant—to make ends meet. He soon realizes that his goal of conquering Ente Isla is just not enough as he grows determined to climb the corporate ladder and become the ruler of Earth one satisfied customer at a time! Whether it's part-time work household chores or simply trying to pay the rent on time Hataraku Maou-sama! presents a hilarious view of the most mundane aspects of everyday life all through the eyes of a hapless demon lord.,Comedy,Demons,Supernatural,Romance,Fantasy,2013-04-04,13,808817,55,681,7.92,https://cdn.myanimelist.net/images/anime/3/50177.jpg,https://myanimelist.net/anime/15809/Hataraku_Maou-sama,,,,,
22319,Tokyo Ghoul,Tokyo has become a cruel and merciless city—a place where vicious creatures called “ghouls” exist alongside humans. The citizens of this once great metropolis live in constant fear of these bloodthirsty savages and their thirst for human flesh. However the greatest threat these ghouls pose is their dangerous ability to masquerade as humans and blend in with society. Based on the best-selling supernatural horror manga by Sui Ishida Tokyo Ghoul follows Ken Kaneki a shy bookish college student who is instantly drawn to Rize Kamishiro an avid reader like himself. However Rize is not exactly who she seems and this unfortunate meeting pushes Kaneki into the dark depths of the ghouls' inhuman world. In a twist of fate Kaneki is saved by the enigmatic waitress Touka Kirishima and thus begins his new secret life as a half-ghoul/half-human who must find a way to integrate into both societies.,Action,Mystery,Horror,Psychological,Supernatural,Drama,Seinen,2014-07-04,12,1346036,6,674,7.93,https://cdn.myanimelist.net/images/anime/5/64449.jpg,https://myanimelist.net/anime/22319/Tokyo_Ghoul,,,
20,Naruto,Moments prior to Naruto Uzumaki's birth a huge demon known as the Kyuubi the Nine-Tailed Fox attacked Konohagakure the Hidden Leaf Village and wreaked havoc. In order to put an end to the Kyuubi's rampage the leader of the village the Fourth Hokage sacrificed his life and sealed the monstrous beast inside the newborn Naruto. Now Naruto is a hyperactive and knuckle-headed ninja still living in Konohagakure. Shunned because of the Kyuubi inside him Naruto struggles to find his place in the village while his burning desire to become the Hokage of Konohagakure leads him not only to some great new friends but also some deadly foes.,Action,Adventure,Comedy,Super Power,Martial Arts,Shounen,2002-10-03,220,1280914,9,670,7.93,https://cdn.myanimelist.net/images/anime/13/17405.jpg,https://myanimelist.net/anime/20/Naruto,,,,
35120,Devilman: Crybaby,Devils cannot take form without a living host. However if the will of an individual is strong enough they can overcome the demon and make its power their own becoming a Devilman. Weak and unassuming Akira Fudou has always had a bleeding heart. So when his childhood friend Ryou Asuka asks for his help in uncovering devils Akira accepts without hesitation. However to Akira's surprise the place they go to is Sabbath: an immoral party of debauchery and degeneracy. Amidst bloodshed and death demons possess the partiers turning their bodies into grotesque monsters and begin wreaking havoc. In a reckless attempt to save his best friend Akira unwittingly merges with the devil Amon and becomes a Devilman gaining the power to defeat the remaining demons. Though it grants him great power this new partnership awakens an insatiable and primeval part of Akira. Having the body of a devil but the same crybaby heart Akira works alongside Ryou destroying those that harm humanity and his loved ones.,Action,Dementia,Demons,Horror,Supernatural,2018-01-05,10,358644,261,650,7.94,https://cdn.myanimelist.net/images/anime/2/89973.jpg,https://myanimelist.net/anime/35120/Devilman__Crybaby,,,,,
790,Ergo Proxy,Within the domed city of Romdo lies one of the last human civilizations on Earth. Thousands of years ago a global ecological catastrophe doomed the planet now life outside these domes is virtually impossible. To expedite mankind's recovery AutoReivs humanoid-like robots have been created to assist people in their day-to-day lives. However AutoReivs have begun contracting an enigmatic disease called the Cogito Virus which grants them self-awareness. Re-l Mayer granddaughter of Romdo's ruler is assigned to investigate this phenomenon alongside her AutoReiv partner Iggy. But what begins as a routine investigation quickly spirals into a conspiracy as Re-l is confronted by humanity's darkest sins. Elsewhere in Romdo an AutoReiv specialist by the name of Vincent Law must also face his demons when surreal events begin occurring around him. Re-l Iggy Vincent and the child AutoReiv named Pino will form an unlikely faction as they struggle to uncover Romdo's mysteries and ultimately discover the true purpose of the mythical beings called Proxies.,Psychological,Mystery,Sci-Fi,2006-02-25,23,406663,201,633,7.96,https://cdn.myanimelist.net/images/anime/11/6259.jpg,https://myanimelist.net/anime/790/Ergo_Proxy,,,,,,,
3588,Soul Eater,Death City is home to the famous Death Weapon Meister Academy a technical academy headed by the Shinigami—Lord Death himself. Its mission: to raise Death Scythes for the Shinigami to wield against the many evils of their fantastical world. These Death Scythes however are not made from physical weapons rather they are born from human hybrids who have the ability to transform their bodies into Demon Weapons and only after they have consumed the souls of 99 evil beings and one witch's soul. Soul Eater Evans a Demon Scythe who only seems to care about what's cool aims to become a Death Scythe with the help of his straight-laced wielder or meister Maka Albarn. The contrasting duo work and study alongside the hot headed Black☆Star and his caring weapon Tsubaki as well as the Shinigami's own son Death the Kid an obsessive-compulsive dual wielder of twin pistols Patty and Liz. Soul Eater follows these students of Shibusen as they take on missions to collect souls and protect the city from the world's threats while working together under the snickering sun to become sounder in mind body and soul.,Action,Fantasy,Comedy,Supernatural,Shounen,2008-04-07,51,970841,32,606,7.99,https://cdn.myanimelist.net/images/anime/9/7804.jpg,https://myanimelist.net/anime/3588/Soul_Eater,,,,,
27775,Plastic Memories,Eighteen-year-old Tsukasa Mizugaki has failed his college entrance exams but after pulling some strings he manages to land a job at the Sion Artificial Intelligence Corporation. SAI Corp is responsible for the creation of Giftias—highly advanced androids which are almost indiscernible from normal humans. However unlike humans Giftias have a maximum lifespan of 81 920 hours or around nine years and four months. Terminal Service One the station Tsukasa was assigned to is responsible for collecting Giftias that have met their expiration date before they lose their memories and become hostile. Promptly after joining Terminal Service One Tsukasa is partnered with a beautiful Giftia named Isla. She is a Terminal Service veteran and considered the best in Giftia retrievals contrary to her petite figure and placid nature. Time is fleeting though and Tsukasa must come to terms with his feelings for Isla before her time is up. No matter how much someone desires it nothing lasts forever.,Sci-Fi,Drama,Romance,2015-04-05,13,465541,156,587,8.0,https://cdn.myanimelist.net/images/anime/4/72750.jpg,https://myanimelist.net/anime/27775/Plastic_Memories,,,,,,,
387,Haibane Renmei,Born from a cocoon in the village of Old Home a young Haibane—a being with a halo and small gray wings—awakens to a world she does not understand without memories of her past. Named Rakka for the dream of falling she had while inside the cocoon she soon becomes accustomed to life in the strange town. However there are strict rules for the Haibane such as being forbidden to leave the village or go near the walls surrounding it. These along with mysterious disappearances of their kind on their Day of Flight begin to unsettle Rakka and the others since they know almost nothing about their own kind. Haibane Renmei tells not only Rakka's story but also of those around her as they live their lives with no memories of the past while trying to break free from their former pain and ultimately find salvation.,Slice of Life,Mystery,Psychological,Drama,Fantasy,2002-10-10,13,180467,599,581,8.0,https://cdn.myanimelist.net/images/anime/9/13134.jpg,https://myanimelist.net/anime/387/Haibane_Renmei,,,,,
2924,ef: A Tale of Memories.,On Christmas Eve Hiro Hirono runs into Miyako Miyamura a frivolous girl who borrows his bicycle in order to chase down a purse thief. After Hiro finds his bicycle wrecked and Miyako unconscious the two unexpectedly spend their Christmas Eve together and when they discover they go to the same high school their accidental relationship develops even further. This sparks the jealousy of Hiro's childhood friend Kei Shindou whose pure approach to life catches the eye of Kyosuke Tsutsumi a womanizing photographer searching for the perfect shot. Elsewhere Renji Asou a boy who dreams of being a girl's knight in shining armor has a chance encounter with Kei's twin sister—the overly shy Chihiro Shindou who spends her time reading alone—at an abandoned train station. The two quickly become friends and eventually decide to write a novel together. However when Renji discovers Chihiro's secret a disability that causes her to have an eternally ephemeral memory his childish ideals will be put to the test. Guided by two mysterious adults these youths' relationships intertwine in a heart-rending tale of love rejection acceptance and memories.,Mystery,Drama,Romance,2007-10-07,12,202103,534,580,8.0,https://cdn.myanimelist.net/images/anime/11/50411.jpg,https://myanimelist.net/anime/2924/ef__A_Tale_of_Memories,,,,,,,
10721,Mawaru Penguindrum,For the Takakura family destiny is an ever-spinning wheel pointing passionately in their direction with equal tides of joy and sorrow before ticking on to the next wishmaker. With their parents gone twin brothers Kanba and Shouma live alone with their beloved little sister Himari whose poor health cannot decline any further. On the day Himari is given permission to temporarily leave the hospital her brothers take her out to the aquarium to celebrate where the family's supposed fate is brought forth with her sudden collapse. However when Himari is inexplicably revived by a penguin hat from the aquarium's souvenir shop the hand of fate continues to tick faithfully forward. With her miraculous recovery though comes a cost: there is a new entity within her body whose condition for keeping her fate at bay sends the boys on a wild goose chase for the mysterious Penguin Drum. In their search the boys will have to follow the threads of fate leading from their own shocking past and into the lives of other wishmakers vying for the Penguin Drum all hoping to land upon their chosen destiny.,Mystery,Comedy,Dementia,Psychological,Drama,2011-07-08,24,221240,482,566,8.01,https://cdn.myanimelist.net/images/anime/5/30238.jpg,https://myanimelist.net/anime/10721/Mawaru_Penguindrum,,,,,
339,Serial Experiments Lain,Lain Iwakura an awkward and introverted fourteen-year-old is one of the many girls from her school to receive a disturbing email from her classmate Chisa Yomoda—the very same Chisa who recently committed suicide. Lain has neither the desire nor the experience to handle even basic technology yet when the technophobe opens the email it leads her straight into the Wired a virtual world of communication networks similar to what we know as the internet. Lain's life is turned upside down as she begins to encounter cryptic mysteries one after another. Strange men called the Men in Black begin to appear wherever she goes asking her questions and somehow knowing more about her than even she herself knows. With the boundaries between reality and cyberspace rapidly blurring Lain is plunged into more surreal and bizarre events where identity consciousness and perception are concepts that take on new meanings. Written by Chiaki J. Konaka whose other works include Texhnolyze  Serial Experiments Lain is a psychological avant-garde mystery series that follows Lain as she makes crucial choices that will affect both the real world and the Wired. In closing one world and opening another only Lain will realize the significance of their presence.,Dementia,Drama,Mystery,Psychological,Sci-Fi,Supernatural,1998-07-06,13,369716,241,549,8.02,https://cdn.myanimelist.net/images/anime/1718/91550.jpg,https://myanimelist.net/anime/339/Serial_Experiments_Lain,,,,
33489,Little Witch Academia (TV),A believing heart is your magic!—these were the words that Atsuko Akko Kagari's idol the renowned witch Shiny Chariot said to her during a magic performance years ago. Since then Akko has lived by these words and aspired to be a witch just like Shiny Chariot one that can make people smile. Hence even her non-magical background does not stop her from enrolling in Luna Nova Magical Academy. However when an excited Akko finally sets off to her new school the trip there is anything but smooth. After her perilous journey she befriends the shy Lotte Yansson and the sarcastic Sucy Manbavaran. To her utmost delight she also discovers Chariot's wand the Shiny Rod which she takes as her own. Unfortunately her time at Luna Nova will prove to more challenging than Akko could ever believe. She absolutely refuses to stay inferior to the rest of her peers especially to her self-proclaimed rival the beautiful and gifted Diana Cavendish so she relies on her determination to compensate for her reckless behavior and ineptitude in magic. In a time when wizardry is on the decline Little Witch Academia follows the magical escapades of Akko and her friends as they learn the true meaning of being a witch.,Adventure,Comedy,Fantasy,Magic,School,2017-01-09,25,340616,283,534,8.03,https://cdn.myanimelist.net/images/anime/13/83934.jpg,https://myanimelist.net/anime/33489/Little_Witch_Academia_TV,,,,,
934,Higurashi no Naku Koro ni,Keiichi Maebara has just moved to the quiet little village of Hinamizawa in the summer of 1983 and quickly becomes inseparable friends with schoolmates Rena Ryuuguu Mion Sonozaki Satoko Houjou and Rika Furude. However darkness lurks underneath the seemingly idyllic life they lead. As the village prepares for its annual festival Keiichi learns about the local legends surrounding it. To his horror he discovers that there have been several murders and disappearances in the village in the recent years and that they all seem to be connected to the festival and the village's patron god Oyashiro. Keiichi tries to ask his new friends about these incidents but they are suspiciously silent and refuse to give him the answers he needs. As more and more bizarre events occur he wonders just what else his friends might be keeping from him and if he can even trust them at all. When madness and paranoia begin taking root in Keiichi's heart he will stumble straight into the mysteries at work in Higurashi no Naku Koro ni  a story that is told across multiple arcs.,Mystery,Dementia,Horror,Psychological,Supernatural,Thriller,2006-04-05,26,530024,118,519,8.04,https://cdn.myanimelist.net/images/anime/12/19634.jpg,https://myanimelist.net/anime/934/Higurashi_no_Naku_Koro_ni,,,,
29803,Overlord,The final hour of the popular virtual reality game Yggdrasil has come. However Momonga a powerful wizard and master of the dark guild Ainz Ooal Gown decides to spend his last few moments in the game as the servers begin to shut down. To his surprise despite the clock having struck midnight Momonga is still fully conscious as his character and moreover the non-player characters appear to have developed personalities of their own! Confronted with this abnormal situation Momonga commands his loyal servants to help him investigate and take control of this new world with the hopes of figuring out what has caused this development and if there may be others in the same predicament.,Action,Adventure,Fantasy,Game,Magic,Supernatural,2015-07-07,13,742933,65,515,8.05,https://cdn.myanimelist.net/images/anime/7/88019.jpg,https://myanimelist.net/anime/29803/Overlord,,,,
17265,Log Horizon,In the blink of an eye thirty thousand bewildered Japanese gamers are whisked from their everyday lives into the world of the popular MMORPG Elder Tale after the game's latest update—unable to log out. Among them is the socially awkward college student Shiroe whose confusion and shock lasts only a moment as a veteran of the game he immediately sets out to explore the limits of his new reality. Shiroe must learn to live in this new world leading others and negotiating with the NPC natives in order to bring stability to the virtual city of Akihabara. He is joined by his unfortunate friend Naotsugu having logged in for the first time in years only to find himself trapped and Akatsuki a petite but fierce assassin who labels Shiroe as her master. A tale of fantasy adventure and politics Log Horizon explores the elements of gaming through the eyes of a master strategist who attempts to make the best of a puzzling situation.,Action,Game,Adventure,Magic,Fantasy,2013-10-05,25,695241,69,513,8.05,https://cdn.myanimelist.net/images/anime/5/84004.jpg,https://myanimelist.net/anime/17265/Log_Horizon,,,,,
14075,Zetsuen no Tempest,Yoshino Takigawa an ordinary teenager is secretly dating his best friend Mahiro's younger sister. But when his girlfriend Aika mysteriously dies Mahiro disappears vowing to find the one responsible and make them pay for murdering his beloved sister. Yoshino continues his life as usual and has not heard from Mahiro in a month—until he is confronted by a strange girl who holds him at gunpoint and his best friend arrives in the nick of time to save him. Yoshino learns that Mahiro has enlisted the help of a witch named Hakaze Kusaribe to find Aika's killer and of the existence of an entity known as the Tree of Exodus. The witch's brother selfishly desires to make use of its power in spite of the impending peril to the world. However Hakaze is banished to a deserted island and it is now up to Yoshino and Mahiro to help her save the world while inching ever closer to the truth behind Aika's death.,Action,Mystery,Psychological,Drama,Magic,Fantasy,Shounen,2012-10-05,24,411231,198,508,8.06,https://cdn.myanimelist.net/images/anime/7/42453.jpg,https://myanimelist.net/anime/14075/Zetsuen_no_Tempest,,,
5682,Phantom: Requiem for the Phantom,Mafia is rife in America where assassinations are a regular occurrence on the streets. Inferno a mysterious company is behind most of these dealings through the use of their near-invincible human weapon Phantom. One day a Japanese tourist accidentally witnesses Phantom's latest murder. Desperate to escape the tourist hides in a secluded building. However Phantom revealed to be a young woman named Ein and the leader of Inferno Scythe Master captures the tourist and brainwashes him. Given the name Zwei this once peaceful tourist is now a puppet of Inferno with no memories. Drawn into a world of lies deceit and violence Zwei must fight to survive hopefully to one day regain his memories and escape from this world where he is constantly on the brink of death.,Action,Drama,Seinen,Thriller,2009-04-03,26,235408,436,504,8.06,https://cdn.myanimelist.net/images/anime/8/22470.jpg,https://myanimelist.net/anime/5682/Phantom__Requiem_for_the_Phantom,,,,,,
1530,Kanon (2006),As a young child Aizawa Yuuichi had often visited his cousin in the city however something drastic happened to keep him away for seven long years. Now Yuuichi returns his memories of those days are simply gone. Settling into the wintry town Yuuichi comes across several young girls all of whom are connected to his past. As he befriends them and continues to interact with them the long forgotten memories from his childhood begin to resurface...,Slice of Life,Supernatural,Drama,Romance,2006-10-06,24,211156,508,498,8.06,https://cdn.myanimelist.net/images/anime/4/56301.jpg,https://myanimelist.net/anime/1530/Kanon_2006,,,,,,
227,FLCL,Naota Nandaba is an ordinary sixth grader living in a city where nothing amazing ever seems to happen. After his brother Tasuku leaves town to play baseball in America Naota takes it upon himself to look after everything Tasuku left behind—from his top bunk bed to his ex-girlfriend Mamimi Samejima who hasn't stopped clinging to Naota since Tasuku left. Little does Naota know however that his mundane existence is on the verge of being changed forever: enter Haruko Haruhara a Vespa-riding bass guitar-wielding pink-haired psychopath whose first encounter with Naota leaves him with tire tracks on his back and a giant horn on his head. Though all he wants is some peace and quiet when Haruko takes up residence at his parents' home Naota finds himself dragged into the heart of the greatest battle for supremacy that Earth—and quite possibly the entire universe—has ever seen.,Action,Sci-Fi,Comedy,Parody,Dementia,Psychological,Mecha,2000-04-26,6,498692,134,493,8.06,https://cdn.myanimelist.net/images/anime/7/77356.jpg,https://myanimelist.net/anime/227/FLCL,,,
32995,Yuri!!! on Ice,Reeling from his crushing defeat at the Grand Prix Finale Yuuri Katsuki once Japan's most promising figure skater returns to his family home to assess his options for the future. At age 23 Yuuri's window for success in skating is closing rapidly and his love of pork cutlets and aptitude for gaining weight are not helping either. However Yuuri finds himself in the spotlight when a video of him performing a routine previously executed by five-time world champion Victor Nikiforov suddenly goes viral. In fact Victor himself abruptly appears at Yuuri's house and offers to be his mentor. As one of his biggest fans Yuuri eagerly accepts kicking off his journey to make it back onto the world stage. But the competition is fierce as the rising star from Russia Yuri Plisetsky is relentlessly determined to defeat Yuuri and win back Victor's tutelage.,Comedy,Sports,2016-10-06,12,383651,230,488,8.07,https://cdn.myanimelist.net/images/anime/6/81149.jpg,https://myanimelist.net/anime/32995/Yuri_on_Ice,,,,,,,,
33926,Quanzhi Gaoshou,Widely regarded as a trailblazer and top-tier professional player in the online multiplayer game Glory Ye Xiu is dubbed the Battle God for his skills and contributions to the game over the years. However when forced to retire from the team and to leave his gaming career behind he finds work at a nearby internet café. There when Glory launches its tenth server he throws himself into the game once more using a new character named Lord Grim. Ye Xiu's early achievements on the new server immediately catch the attention of many players as well as the big guilds leaving them to wonder about the identity of this exceptional player. However while he possesses ten years of experience and in-depth knowledge starting afresh with neither sponsors nor a team in a game that has changed over the years presents numerous challenges. Along with talented new comrades Ye Xiu once again dedicates himself to traversing the path to Glory's summit!,Action,Game,2017-04-07,12,212909,507,485,8.07,https://cdn.myanimelist.net/images/anime/7/81892.jpg,https://myanimelist.net/anime/33926/Quanzhi_Gaoshou,,,,,,,,
23289,Gekkan Shoujo Nozaki-kun,Chiyo Sakura is a cheerful high school girl who has fallen head over heels for the oblivious Umetarou Nozaki. Much to Chiyo's confusion when she confesses to her beloved Nozaki he hands her an unfamiliar autograph. As it turns out the stoic teenage boy is actually a respected shoujo mangaka publishing under the pen name Sakiko Yumeno! A series of misunderstandings leads to Chiyo becoming one of Nozaki's manga assistants. Throughout the hilarious events that ensue she befriends many of her quirky schoolmates including her seemingly shameless fellow assistant Mikoto Mikoshiba and the Prince of the School Yuu Kashima. Gekkan Shoujo Nozaki-kun follows Chiyo as she strives to help Nozaki with his manga and hopes that he will eventually notice her feelings.,Comedy,Romance,School,2014-07-07,12,519868,123,467,8.08,https://cdn.myanimelist.net/images/anime/5/66083.jpg,https://myanimelist.net/anime/23289/Gekkan_Shoujo_Nozaki-kun,,,,,,,
6045,Kimi ni Todoke,Kuronuma Sawako is completely misunderstood by her classmates. Her timid and sweet demeanor is often mistaken for malicious behavior. This is due to her resemblance to the ghost girl from The Ring which has led her peers to give her the nickname Sadako. Longing to make friends and live a normal life she is naturally drawn to Kazehaya Shouta the most popular guy in class whose 100% refreshing personality earns him great admiration from Sawako. So when Kazehaya starts talking to her maybe there is hope for the friendships Sawako has always longed for. Maybe... there is even a little hope for some romance in her future.,Slice of Life,Drama,Romance,School,Shoujo,2009-10-07,25,511507,127,458,8.09,https://cdn.myanimelist.net/images/anime/7/17890.jpg,https://myanimelist.net/anime/6045/Kimi_ni_Todoke,,,,,
14813,Yahari Ore no Seishun Love Comedy wa Machigatteiru.,Hachiman Hikigaya is an apathetic high school student with narcissistic and semi-nihilistic tendencies. He firmly believes that joyful youth is nothing but a farce and everyone who says otherwise is just lying to themselves. In a novel punishment for writing an essay mocking modern social relationships Hachiman's teacher forces him to join the Volunteer Service Club a club that aims to extend a helping hand to any student who seeks their support in achieving their goals. With the only other club member being the beautiful ice queen Yukino Yukinoshita Hachiman finds himself on the front line of other people's problems—a place he never dreamed he would be. As Hachiman and Yukino use their wits to solve many students' problems will Hachiman's rotten view of society prove to be a hindrance or a tool he can use to his advantage?,Slice of Life,Comedy,Drama,Romance,School,2013-04-05,13,683483,74,453,8.1,https://cdn.myanimelist.net/images/anime/11/49459.jpg,https://myanimelist.net/anime/14813/Yahari_Ore_no_Seishun_Love_Comedy_wa_Machigatteiru,,,,,
32615,Youjo Senki,Tanya Degurechaff is a young soldier infamous for predatorial-like ruthlessness and an uncanny tactical aptitude earning her the nickname of the Devil of the Rhine. Underneath her innocuous appearance however lies the soul of a man who challenged Being X the self-proclaimed God to a battle of wits—which resulted in him being reincarnated as a little girl into a world of magical warfare. Hellbent on defiance Tanya resolves to ascend the ranks of her country's military as it slowly plunges into world war with only Being X proving to be the strongest obstacle in recreating the peaceful life she once knew. But her perceptive actions and combat initiative have an unintended side effect: propelling the mighty Empire into becoming one of the most powerful nations in mankind's history.,Action,Military,Magic,2017-01-06,12,419060,192,454,8.1,https://cdn.myanimelist.net/images/anime/5/82890.jpg,https://myanimelist.net/anime/32615/Youjo_Senki,,,,,,,
35790,Tate no Yuusha no Nariagari,The Four Cardinal Heroes are a group of ordinary men from modern-day Japan summoned to the kingdom of Melromarc to become its saviors. Melromarc is a country plagued by the Waves of Catastrophe that have repeatedly ravaged the land and brought disaster to its citizens for centuries. The four heroes are respectively bestowed a sword spear bow and shield to vanquish these Waves. Naofumi Iwatani an otaku becomes cursed with the fate of being the Shield Hero. Armed with only a measly shield Naofumi is belittled and ridiculed by his fellow heroes and the kingdom's people due to his weak offensive capabilities and lackluster personality. When the heroes are provided with resources and comrades to train with Naofumi sets out with the only person willing to train alongside him Malty Melromarc. He is soon betrayed by her however and becomes falsely accused of taking advantage of her. Naofumi then becomes heavily discriminated against and hated by the people of Melromarc for something he didn't do. With a raging storm of hurt and mistrust in his heart Naofumi begins his journey of strengthening himself and his reputation. Further along however the difficulty of being on his own sets in so Naofumi buys a demi-human slave on the verge of death named Raphtalia to accompany him on his travels. As the Waves approach the kingdom Naofumi and Raphtalia must fight for the survival of the kingdom and protect the people of Melromarc from their ill-fated future.,Action,Adventure,Drama,Fantasy,2019-01-09,25,517005,128,451,8.1,https://cdn.myanimelist.net/images/anime/1490/101365.jpg,https://myanimelist.net/anime/35790/Tate_no_Yuusha_no_Nariagari,,,,,,
30015,ReLIFE,Dismissed as a hopeless loser by those around him 27-year-old Arata Kaizaki bounces around from one job to another after quitting his first company. His unremarkable existence takes a sharp turn when he meets Ryou Yoake a member of the ReLife Research Institute who offers Arata the opportunity to change his life for the better with the help of a mysterious pill. Taking it without a second thought Arata awakens the next day to find that his appearance has reverted to that of a 17-year-old. Arata soon learns that he is now the subject of a unique experiment and must attend high school as a transfer student for one year. Though he initially believes it will be a cinch due to his superior life experience Arata is proven horribly wrong on his first day: he flunks all his tests is completely out of shape and can't keep up with the new school policies that have cropped up in the last 10 years. Furthermore Ryou has been assigned to observe him bringing Arata endless annoyance. ReLIFE follows Arata's struggle to adjust to his hectic new lifestyle and avoid repeating his past mistakes all while slowly discovering more about his fellow classmates.,Slice of Life,Romance,School,2016-07-02,13,533921,116,447,8.1,https://cdn.myanimelist.net/images/anime/3/82149.jpg,https://myanimelist.net/anime/30015/ReLIFE,,,,,,,
889,Black Lagoon,Within Thailand is Roanapur a depraved crime-ridden city where not even the authorities or churches are untouched by the claws of corruption. A haven for convicts and degenerates alike the city is notorious for being the center of illegal activities and operations often fueled by local crime syndicates. Enter Rokurou Okajima an average Japanese businessman who has been living a dull and monotonous life when he finally gets his chance for a change of pace with a delivery trip to Southeast Asia. His business trip swiftly goes downhill as Rokurou is captured by a mercenary group operating in Roanapur called Black Lagoon. The group plans to use him as a bargaining chip in negotiations which ultimately failed. Now abandoned and betrayed by his former employer Rokurou decides to join Black Lagoon. In order to survive he must quickly adapt to his new environment and prepare himself for the bloodshed and tribulation to come. A non-stop high-octane thriller Black Lagoon delves into the depths of human morality and virtue. Witness Rokurou struggling to keep his values and philosophies intact as he slowly transforms from businessman to ruthless mercenary.,Action,Seinen,2006-04-09,12,553392,111,440,8.1,https://cdn.myanimelist.net/images/anime/4/25596.jpg,https://myanimelist.net/anime/889/Black_Lagoon,,,,,,,,
2034,Lovely★Complex,Love is unusual for Koizumi Risa and Ootani Atsushi who are both striving to find their ideal partner in high school—172 cm tall Koizumi is much taller than the average girl and Ootani is much shorter than the average guy at 156 cm. To add to their plights their crushes fall in love with each other leaving Koizumi and Ootani comically flustered and heartbroken. To make matters worse they're even labeled as a comedy duo by their homeroom teacher due to their personalities and the stark difference in their heights and their classmates even think of their arguments as sketches. Lovely★Complex follows Koizumi and Ootani as they encourage each other in finding love and become close friends. Apart from their ridiculous antics they soon find out an unexpected similarity in their music and fashion tastes. Maybe they possess a chemistry yet unknown but could love ever bloom between the mismatched pair?,Comedy,Romance,Shoujo,2007-04-07,24,356826,259,415,8.13,https://cdn.myanimelist.net/images/anime/11/75563.jpg,https://myanimelist.net/anime/2034/Lovely%E2%98%85Complex,,,,,,,
